{
    "ID-29c5w6hnfv": {
        "Final_fit": 7227,
        "Iteration": 100,
        "Population": 50,
        "Static_fit": 7128,
        "Static_valid": 1768,
        "Valid_fit": 1824,
        "Variance": 5.0,
        "Weights": [
            13.069999694824219,
            10.739999771118164,
            13.350000381469727,
            14.210000038146973,
            13.300000190734863,
            10.020000457763672,
            14.22000503540039,
            11.09000015258789
        ]
    },
    "ID-3i0vfble1s": {
        "Final_fit": 7227,
        "Iteration": 100,
        "Population": 50,
        "Static_fit": 7128,
        "Static_valid": 1768,
        "Valid_fit": 1817,
        "Variance": 5.0,
        "Weights": [
            11.710000038146973,
            12.350000381469727,
            11.84000015258789,
            12.460000038146973,
            13.979999542236328,
            10.579994201660156,
            15.420000076293945,
            11.65999984741211
        ]
    },
    "ID-5qz3uz7pdu": {
        "Final_fit": 7227,
        "Iteration": 100,
        "Population": 50,
        "Static_fit": 7128,
        "Static_valid": 1768,
        "Valid_fit": 1823,
        "Variance": 5.0,
        "Weights": [
            12.880000114440918,
            11.140000343322754,
            12.789999961853027,
            13.640000343322754,
            13.699999809265137,
            9.6899995803833,
            14.469992637634277,
            11.6899995803833
        ]
    },
    "ID-740tpf56ve": {
        "Final_fit": 7225,
        "Iteration": 100,
        "Population": 50,
        "Static_fit": 7128,
        "Static_valid": 1768,
        "Valid_fit": 1819,
        "Variance": 5.0,
        "Weights": [
            12.380000114440918,
            11.4399995803833,
            13.949999809265137,
            13.1899995803833,
            14.130000114440918,
            9.81000804901123,
            14.130000114440918,
            10.970000267028809
        ]
    },
    "ID-7y5z5d3p22": {
        "Final_fit": 7224,
        "Iteration": 100,
        "Population": 50,
        "Static_fit": 7128,
        "Static_valid": 1768,
        "Valid_fit": 1816,
        "Variance": 5.0,
        "Weights": [
            12.180000305175781,
            11.960000038146973,
            13.130000114440918,
            12.069999694824219,
            14.579999923706055,
            10.270000457763672,
            14.949997901916504,
            10.859999656677246
        ]
    },
    "ID-8zmf15tvvi": {
        "Final_fit": 7222,
        "Iteration": 100,
        "Population": 50,
        "Static_fit": 7128,
        "Static_valid": 1768,
        "Valid_fit": 1816,
        "Variance": 5.0,
        "Weights": [
            13.0600004196167,
            11.819999694824219,
            14.149999618530273,
            12.779999732971191,
            14.039999961853027,
            9.34000015258789,
            14.339998245239258,
            10.470000267028809
        ]
    },
    "ID-dspmugywur": {
        "Final_fit": 7227,
        "Iteration": 100,
        "Population": 50,
        "Static_fit": 7128,
        "Static_valid": 1768,
        "Valid_fit": 1819,
        "Variance": 5.0,
        "Weights": [
            12.449999809265137,
            12.0600004196167,
            13.649999618530273,
            13.279999732971191,
            14.130000114440918,
            9.250001907348633,
            14.550000190734863,
            10.630000114440918
        ]
    },
    "ID-eniqb8j5l9": {
        "Final_fit": 7224,
        "Iteration": 100,
        "Population": 50,
        "Static_fit": 7128,
        "Static_valid": 1768,
        "Valid_fit": 1820,
        "Variance": 5.0,
        "Weights": [
            12.029999732971191,
            10.960000038146973,
            14.420000076293945,
            14.0,
            13.569999694824219,
            9.680009841918945,
            13.670000076293945,
            11.670000076293945
        ]
    },
    "ID-h6ycdm3507": {
        "Final_fit": 7225,
        "Iteration": 100,
        "Population": 50,
        "Static_fit": 7128,
        "Static_valid": 1768,
        "Valid_fit": 1819,
        "Variance": 5.0,
        "Weights": [
            12.9399995803833,
            11.199999809265137,
            14.369999885559082,
            14.270000457763672,
            12.710000038146973,
            9.550000190734863,
            13.880000114440918,
            11.079999923706055
        ]
    },
    "ID-jdobc2qp2j": {
        "Final_fit": 7223,
        "Iteration": 100,
        "Population": 50,
        "Static_fit": 7128,
        "Static_valid": 1768,
        "Valid_fit": 1818,
        "Variance": 5.0,
        "Weights": [
            13.199999809265137,
            11.84000015258789,
            13.760000228881836,
            12.819999694824219,
            12.380000114440918,
            10.85000228881836,
            14.220000267028809,
            10.930000305175781
        ]
    },
    "ID-l1eibbx4bs": {
        "Final_fit": 7228,
        "Iteration": 100,
        "Population": 50,
        "Static_fit": 7128,
        "Static_valid": 1768,
        "Valid_fit": 1818,
        "Variance": 5.0,
        "Weights": [
            13.920000076293945,
            10.600000381469727,
            13.829999923706055,
            12.869999885559082,
            12.4399995803833,
            9.69000244140625,
            14.859999656677246,
            11.789999961853027
        ]
    },
    "ID-lg702ou997": {
        "Final_fit": 7226,
        "Iteration": 100,
        "Population": 50,
        "Static_fit": 7128,
        "Static_valid": 1768,
        "Valid_fit": 1819,
        "Variance": 5.0,
        "Weights": [
            13.029999732971191,
            10.489999771118164,
            14.419992446899414,
            13.0,
            12.710000038146973,
            10.75,
            14.300000190734863,
            11.300000190734863
        ]
    },
    "ID-m9xscf6yo4": {
        "Final_fit": 7227,
        "Iteration": 100,
        "Population": 50,
        "Static_fit": 7128,
        "Static_valid": 1768,
        "Valid_fit": 1823,
        "Variance": 5.0,
        "Weights": [
            12.359999656677246,
            10.90999984741211,
            13.25,
            13.359999656677246,
            14.09000015258789,
            10.710000038146973,
            14.500003814697266,
            10.819999694824219
        ]
    },
    "ID-o259jtlyme": {
        "Final_fit": 7227,
        "Iteration": 100,
        "Population": 50,
        "Static_fit": 7128,
        "Static_valid": 1768,
        "Valid_fit": 1818,
        "Variance": 5.0,
        "Weights": [
            14.039999961853027,
            10.079999923706055,
            13.619999885559082,
            13.640000343322754,
            12.84000015258789,
            9.979999542236328,
            14.180000305175781,
            11.619999885559082
        ]
    },
    "ID-r5hh6jhnz5": {
        "Final_fit": 7223,
        "Iteration": 100,
        "Population": 50,
        "Static_fit": 7128,
        "Static_valid": 1768,
        "Valid_fit": 1819,
        "Variance": 5.0,
        "Weights": [
            12.65999984741211,
            11.670000076293945,
            13.949999809265137,
            13.640000343322754,
            14.100000381469727,
            9.470000267028809,
            14.470000267028809,
            10.039999961853027
        ]
    },
    "ID-u9tchff8a5": {
        "Final_fit": 7228,
        "Iteration": 100,
        "Population": 50,
        "Static_fit": 7128,
        "Static_valid": 1768,
        "Valid_fit": 1822,
        "Variance": 5.0,
        "Weights": [
            14.130000114440918,
            10.65999984741211,
            13.0600004196167,
            13.979999542236328,
            13.050000190734863,
            9.549994468688965,
            14.59000015258789,
            10.979999542236328
        ]
    },