{
    "ID-250o4af47a": {
        "Final_fit": 7221,
        "Iteration": 50,
        "Population": 20,
        "Static_fit": 7128,
        "Static_valid": 1768,
        "Valid_fit": 1818,
        "Variance": 5.0,
        "Weights": [
            13.829999923706055,
            10.710000038146973,
            13.819999694824219,
            13.279999732971191,
            12.930000305175781,
            10.729999542236328,
            13.89999008178711,
            10.800000190734863
        ]
    },
    "ID-34z06h9g84": {
        "Final_fit": 7224,
        "Iteration": 50,
        "Population": 20,
        "Static_fit": 7128,
        "Static_valid": 1768,
        "Valid_fit": 1816,
        "Variance": 5.0,
        "Weights": [
            12.850000381469727,
            11.260000228881836,
            14.039999961853027,
            12.699999809265137,
            13.130000114440918,
            8.75,
            15.4299898147583,
            11.84000015258789
        ]
    },
    "ID-618lcucdgs": {
        "Final_fit": 7221,
        "Iteration": 50,
        "Population": 20,
        "Static_fit": 7128,
        "Static_valid": 1768,
        "Valid_fit": 1817,
        "Variance": 5.0,
        "Weights": [
            13.569999694824219,
            11.989999771118164,
            12.319999694824219,
            13.800000190734863,
            12.34000015258789,
            10.479999542236328,
            14.4399995803833,
            11.0600004196167
        ]
    },
    "ID-69x6buxlii": {
        "Final_fit": 7222,
        "Iteration": 50,
        "Population": 20,
        "Static_fit": 7128,
        "Static_valid": 1768,
        "Valid_fit": 1817,
        "Variance": 5.0,
        "Weights": [
            12.420000076293945,
            10.15999984741211,
            14.479999542236328,
            13.390000343322754,
            14.170000076293945,
            12.010000228881836,
            12.550000190734863,
            10.819999694824219
        ]
    },
    "ID-6ne9rfi0gc": {
        "Final_fit": 7224,
        "Iteration": 50,
        "Population": 20,
        "Static_fit": 7128,
        "Static_valid": 1768,
        "Valid_fit": 1816,
        "Variance": 5.0,
        "Weights": [
            11.40999984741211,
            11.039999961853027,
            14.489999771118164,
            14.029999732971191,
            13.359999656677246,
            10.640002250671387,
            14.319999694824219,
            10.710000038146973
        ]
    },
    "ID-86ho53tf45": {
        "Final_fit": 7220,
        "Iteration": 50,
        "Population": 20,
        "Static_fit": 7128,
        "Static_valid": 1768,
        "Valid_fit": 1818,
        "Variance": 5.0,
        "Weights": [
            14.319999694824219,
            10.920000076293945,
            13.59000015258789,
            14.510000228881836,
            12.380000114440918,
            10.029999732971191,
            13.630000114440918,
            10.619999885559082
        ]
    },
    "ID-9kmj19ygkb": {
        "Final_fit": 7225,
        "Iteration": 50,
        "Population": 20,
        "Static_fit": 7128,
        "Static_valid": 1768,
        "Valid_fit": 1814,
        "Variance": 5.0,
        "Weights": [
            13.84000015258789,
            10.75,
            14.640000343322754,
            12.079999923706055,
            13.109999656677246,
            10.02999496459961,
            13.75,
            11.800000190734863
        ]
    },
    "ID-ao5j13fjmy": {
        "Final_fit": 7218,
        "Iteration": 50,
        "Population": 20,
        "Static_fit": 7128,
        "Static_valid": 1768,
        "Valid_fit": 1812,
        "Variance": 5.0,
        "Weights": [
            10.960007667541504,
            11.960000038146973,
            15.170000076293945,
            12.84000015258789,
            13.359999656677246,
            11.489999771118164,
            11.729999542236328,
            12.489999771118164
        ]
    },
    "ID-cahjzwpn0n": {
        "Final_fit": 7224,
        "Iteration": 50,
        "Population": 20,
        "Static_fit": 7128,
        "Static_valid": 1768,
        "Valid_fit": 1820,
        "Variance": 5.0,
        "Weights": [
            11.859999656677246,
            11.90999984741211,
            14.270000457763672,
            14.199999809265137,
            12.880000114440918,
            9.5,
            13.520000457763672,
            11.859999656677246
        ]
    },
    "ID-f4x10e9y3n": {
        "Final_fit": 7219,
        "Iteration": 50,
        "Population": 20,
        "Static_fit": 7128,
        "Static_valid": 1768,
        "Valid_fit": 1819,
        "Variance": 5.0,
        "Weights": [
            14.039999961853027,
            11.970000267028809,
            12.4399995803833,
            13.199999809265137,
            12.869999885559082,
            11.569999694824219,
            13.449999809265137,
            10.460000038146973
        ]
    },
    "ID-hy6p6cx6rj": {
        "Final_fit": 7219,
        "Iteration": 50,
        "Population": 20,
        "Static_fit": 7128,
        "Static_valid": 1768,
        "Valid_fit": 1818,
        "Variance": 5.0,
        "Weights": [
            12.510000228881836,
            12.989999771118164,
            13.479999542236328,
            13.15999984741211,
            11.5600004196167,
            10.620001792907715,
            13.869999885559082,
            11.8100004196167
        ]
    },
    "ID-iwvb8z2d21": {
        "Final_fit": 7220,
        "Iteration": 50,
        "Population": 20,
        "Static_fit": 7128,
        "Static_valid": 1768,
        "Valid_fit": 1815,
        "Variance": 5.0,
        "Weights": [
            13.279999732971191,
            12.390000343322754,
            13.34000015258789,
            13.270000457763672,
            11.789999961853027,
            12.220000267028809,
            13.399999618530273,
            10.3100004196167
        ]
    },
    "ID-kbzfbix56h": {
        "Final_fit": 7227,
        "Iteration": 50,
        "Population": 20,
        "Static_fit": 7128,
        "Static_valid": 1768,
        "Valid_fit": 1821,
        "Variance": 5.0,
        "Weights": [
            13.6899995803833,
            10.65999984741211,
            13.930000305175781,
            12.8100004196167,
            13.239999771118164,
            9.680000305175781,
            14.189997673034668,
            11.800000190734863
        ]
    },
    "ID-myr0bb4048": {
        "Final_fit": 7220,
        "Iteration": 50,
        "Population": 20,
        "Static_fit": 7128,
        "Static_valid": 1768,
        "Valid_fit": 1821,
        "Variance": 5.0,
        "Weights": [
            13.140000343322754,
            11.920000076293945,
            12.6899995803833,
            13.270000457763672,
            12.210000038146973,
            11.649999618530273,
            13.850000381469727,
            11.270000457763672
        ]
    },
    "ID-o0ive14upo": {
        "Final_fit": 7224,
        "Iteration": 50,
        "Population": 20,
        "Static_fit": 7128,
        "Static_valid": 1768,
        "Valid_fit": 1822,
        "Variance": 5.0,
        "Weights": [
            13.359999656677246,
            11.489999771118164,
            12.5600004196167,
            13.609999656677246,
            13.569999694824219,
            9.990007400512695,
            14.420000076293945,
            11.0
        ]
    },
    "ID-ohh6q3dukz": {
        "Final_fit": 7222,
        "Iteration": 50,
        "Population": 20,
        "Static_fit": 7128,
        "Static_valid": 1768,
        "Valid_fit": 1814,
        "Variance": 5.0,
        "Weights": [
            13.609999656677246,
            10.470002174377441,
            14.84000015258789,
            13.649999618530273,
            11.880000114440918,
            10.829999923706055,
            13.789999961853027,
            10.930000305175781
        ]
    },