{
    "ID-1cnr723mue": {
        "Final_fit": 7710,
        "Iteration": 100,
        "Population": 50,
        "Static_fit": 7649,
        "Static_valid": 1898,
        "Valid_fit": 1934,
        "Variance": 4.0,
        "Weights": [
            14.09000015258789,
            11.850000381469727,
            9.899999618530273,
            14.390005111694336,
            12.079999923706055,
            12.109999656677246,
            14.350000381469727,
            11.229999542236328
        ]
    },
    "ID-1d13p9dln3": {
        "Final_fit": 7708,
        "Iteration": 100,
        "Population": 50,
        "Static_fit": 7649,
        "Static_valid": 1898,
        "Valid_fit": 1925,
        "Variance": 4.0,
        "Weights": [
            14.399999618530273,
            11.300000190734863,
            11.550000190734863,
            13.550000190734863,
            12.520000457763672,
            10.739999771118164,
            10.779999732971191,
            15.15999984741211
        ]
    },
    "ID-3lm75jk131": {
        "Final_fit": 7709,
        "Iteration": 100,
        "Population": 50,
        "Static_fit": 7649,
        "Static_valid": 1898,
        "Valid_fit": 1931,
        "Variance": 4.0,
        "Weights": [
            13.789999961853027,
            12.1899995803833,
            10.739999771118164,
            13.649999618530273,
            11.369999885559082,
            12.100000381469727,
            14.90999984741211,
            11.25
        ]
    },
    "ID-7gvuakvmpn": {
        "Final_fit": 7710,
        "Iteration": 100,
        "Population": 50,
        "Static_fit": 7649,
        "Static_valid": 1898,
        "Valid_fit": 1927,
        "Variance": 4.0,
        "Weights": [
            14.670000076293945,
            10.90999984741211,
            11.520000457763672,
            11.970000267028809,
            13.140000343322754,
            10.680002212524414,
            12.670000076293945,
            14.4399995803833
        ]
    },
    "ID-9fjet4iah7": {
        "Final_fit": 7711,
        "Iteration": 100,
        "Population": 50,
        "Static_fit": 7649,
        "Static_valid": 1898,
        "Valid_fit": 1930,
        "Variance": 4.0,
        "Weights": [
            13.699999809265137,
            12.40999984741211,
            10.610002517700195,
            13.789999961853027,
            11.579999923706055,
            10.949999809265137,
            15.630000114440918,
            11.329999923706055
        ]
    },
    "ID-9hy6lh0g1c": {
        "Final_fit": 7709,
        "Iteration": 100,
        "Population": 50,
        "Static_fit": 7649,
        "Static_valid": 1898,
        "Valid_fit": 1930,
        "Variance": 4.0,
        "Weights": [
            14.3100004196167,
            11.899999618530273,
            11.289999961853027,
            11.0600004196167,
            13.0,
            11.520000457763672,
            11.84000015258789,
            15.079999923706055
        ]
    },
    "ID-9nw4vnb3zo": {
        "Final_fit": 7710,
        "Iteration": 100,
        "Population": 50,
        "Static_fit": 7649,
        "Static_valid": 1898,
        "Valid_fit": 1928,
        "Variance": 4.0,
        "Weights": [
            14.6899995803833,
            11.600000381469727,
            8.65999984741211,
            15.420005798339844,
            11.109999656677246,
            13.010000228881836,
            13.3100004196167,
            12.199999809265137
        ]
    },
    "ID-bttlh3rb6h": {
        "Final_fit": 7712,
        "Iteration": 100,
        "Population": 50,
        "Static_fit": 7649,
        "Static_valid": 1898,
        "Valid_fit": 1930,
        "Variance": 4.0,
        "Weights": [
            13.880000114440918,
            11.979999542236328,
            9.899999618530273,
            14.720000267028809,
            12.029999732971191,
            11.710000038146973,
            14.8100004196167,
            10.970000267028809
        ]
    },
    "ID-e2fkx0gl8u": {
        "Final_fit": 7709,
        "Iteration": 100,
        "Population": 50,
        "Static_fit": 7649,
        "Static_valid": 1898,
        "Valid_fit": 1931,
        "Variance": 4.0,
        "Weights": [
            13.510000228881836,
            11.720000267028809,
            10.079999923706055,
            14.079999923706055,
            12.859999656677246,
            11.770000457763672,
            14.599997520446777,
            11.380000114440918
        ]
    },
    "ID-efmqarlouf": {
        "Final_fit": 7710,
        "Iteration": 100,
        "Population": 50,
        "Static_fit": 7649,
        "Static_valid": 1898,
        "Valid_fit": 1933,
        "Variance": 4.0,
        "Weights": [
            14.069999694824219,
            11.109999656677246,
            9.989999771118164,
            13.529999732971191,
            12.579999923706055,
            12.1899995803833,
            15.499998092651367,
            11.029999732971191
        ]
    },
    "ID-gl146n8zcp": {
        "Final_fit": 7709,
        "Iteration": 100,
        "Population": 50,
        "Static_fit": 7649,
        "Static_valid": 1898,
        "Valid_fit": 1928,
        "Variance": 4.0,
        "Weights": [
            13.109999656677246,
            11.050000190734863,
            10.819999694824219,
            14.380000114440918,
            13.119999885559082,
            11.539999961853027,
            15.039998054504395,
            10.9399995803833
        ]
    },
    "ID-h3crrahx83": {
        "Final_fit": 7711,
        "Iteration": 100,
        "Population": 50,
        "Static_fit": 7649,
        "Static_valid": 1898,
        "Valid_fit": 1924,
        "Variance": 4.0,
        "Weights": [
            14.659997940063477,
            11.670000076293945,
            12.8100004196167,
            11.609999656677246,
            12.180000305175781,
            10.529999732971191,
            12.9399995803833,
            13.600000381469727
        ]
    },
    "ID-h81nzlis2i": {
        "Final_fit": 7710,
        "Iteration": 100,
        "Population": 50,
        "Static_fit": 7649,
        "Static_valid": 1898,
        "Valid_fit": 1932,
        "Variance": 4.0,
        "Weights": [
            14.399999618530273,
            11.9399995803833,
            10.429994583129883,
            13.529999732971191,
            11.800000190734863,
            11.699999809265137,
            14.4399995803833,
            11.760000228881836
        ]
    },
    "ID-jxdm4fyinb": {
        "Final_fit": 7708,
        "Iteration": 100,
        "Population": 50,
        "Static_fit": 7649,
        "Static_valid": 1898,
        "Valid_fit": 1931,
        "Variance": 4.0,
        "Weights": [
            13.920000076293945,
            12.039999961853027,
            10.869999885559082,
            13.949999809265137,
            12.279999732971191,
            11.579999923706055,
            14.139997482299805,
            11.220000267028809
        ]
    },
    "ID-kpelqkwq2u": {
        "Final_fit": 7709,
        "Iteration": 100,
        "Population": 50,
        "Static_fit": 7649,
        "Static_valid": 1898,
        "Valid_fit": 1933,
        "Variance": 4.0,
        "Weights": [
            14.569999694824219,
            10.920000076293945,
            8.980002403259277,
            13.720000267028809,
            11.850000381469727,
            13.069999694824219,
            14.199999809265137,
            12.6899995803833
        ]
    },
    "ID-lddpvqt04z": {
        "Final_fit": 7707,
        "Iteration": 100,
        "Population": 50,
        "Static_fit": 7649,
        "Static_valid": 1898,
        "Valid_fit": 1924,
        "Variance": 4.0,