{
    "ID-0jmgjmafah": {
        "Final_fit": 7707,
        "Iteration": 50,
        "Population": 20,
        "Static_fit": 7649,
        "Static_valid": 1898,
        "Valid_fit": 1929,
        "Variance": 4.0,
        "Weights": [
            14.109999656677246,
            10.680000305175781,
            10.239999771118164,
            13.489999771118164,
            11.649999618530273,
            12.270000457763672,
            14.43999195098877,
            13.119999885559082
        ]
    },
    "ID-0tfaskcyxv": {
        "Final_fit": 7706,
        "Iteration": 50,
        "Population": 20,
        "Static_fit": 7649,
        "Static_valid": 1898,
        "Valid_fit": 1931,
        "Variance": 4.0,
        "Weights": [
            13.25,
            12.989999771118164,
            10.859999656677246,
            13.039999961853027,
            9.859999656677246,
            12.90999984741211,
            14.489999771118164,
            12.600000381469727
        ]
    },
    "ID-0ywboir82a": {
        "Final_fit": 7709,
        "Iteration": 50,
        "Population": 20,
        "Static_fit": 7649,
        "Static_valid": 1898,
        "Valid_fit": 1932,
        "Variance": 4.0,
        "Weights": [
            14.020000457763672,
            12.920000076293945,
            10.229999542236328,
            13.890000343322754,
            11.710000038146973,
            9.990007400512695,
            13.279999732971191,
            13.960000038146973
        ]
    },
    "ID-4inukud3j5": {
        "Final_fit": 7710,
        "Iteration": 50,
        "Population": 20,
        "Static_fit": 7649,
        "Static_valid": 1898,
        "Valid_fit": 1929,
        "Variance": 4.0,
        "Weights": [
            14.25,
            11.65999984741211,
            11.710000038146973,
            11.949999809265137,
            12.34000015258789,
            11.640000343322754,
            11.989999771118164,
            14.45999813079834
        ]
    },
    "ID-7z7a24eddy": {
        "Final_fit": 7705,
        "Iteration": 50,
        "Population": 20,
        "Static_fit": 7649,
        "Static_valid": 1898,
        "Valid_fit": 1933,
        "Variance": 4.0,
        "Weights": [
            12.90999984741211,
            12.800000190734863,
            10.63000202178955,
            12.65999984741211,
            11.270000457763672,
            12.380000114440918,
            13.920000076293945,
            13.430000305175781
        ]
    },
    "ID-d9zuo0kwvb": {
        "Final_fit": 7709,
        "Iteration": 50,
        "Population": 20,
        "Static_fit": 7649,
        "Static_valid": 1898,
        "Valid_fit": 1927,
        "Variance": 4.0,
        "Weights": [
            13.4399995803833,
            10.670000076293945,
            13.979999542236328,
            11.850000381469727,
            12.880000114440918,
            11.649999618530273,
            12.229999542236328,
            13.300000190734863
        ]
    },
    "ID-ddxmrvhsat": {
        "Final_fit": 7705,
        "Iteration": 50,
        "Population": 20,
        "Static_fit": 7649,
        "Static_valid": 1898,
        "Valid_fit": 1928,
        "Variance": 4.0,
        "Weights": [
            11.420000076293945,
            12.9399995803833,
            12.119999885559082,
            14.260000228881836,
            10.200007438659668,
            11.979999542236328,
            12.699999809265137,
            14.380000114440918
        ]
    },
    "ID-dxl0m3curc": {
        "Final_fit": 7708,
        "Iteration": 50,
        "Population": 20,
        "Static_fit": 7649,
        "Static_valid": 1898,
        "Valid_fit": 1923,
        "Variance": 4.0,
        "Weights": [
            12.420000076293945,
            11.289999961853027,
            12.4399995803833,
            13.649999618530273,
            12.25,
            11.06000804901123,
            12.0,
            14.890000343322754
        ]
    },
    "ID-dzvp6n4uxr": {
        "Final_fit": 7709,
        "Iteration": 50,
        "Population": 20,
        "Static_fit": 7649,
        "Static_valid": 1898,
        "Valid_fit": 1933,
        "Variance": 4.0,
        "Weights": [
            14.0,
            12.529999732971191,
            9.960000038146973,
            14.359999656677246,
            12.5,
            11.5600004196167,
            14.470000267028809,
            10.619999885559082
        ]
    },
    "ID-frjyr3nu8h": {
        "Final_fit": 7708,
        "Iteration": 50,
        "Population": 20,
        "Static_fit": 7649,
        "Static_valid": 1898,
        "Valid_fit": 1932,
        "Variance": 4.0,
        "Weights": [
            13.970000267028809,
            9.949999809265137,
            9.670000076293945,
            13.720000267028809,
            12.399999618530273,
            13.15999984741211,
            14.609999656677246,
            12.520000457763672
        ]
    },
    "ID-gfpkbto5qv": {
        "Final_fit": 7708,
        "Iteration": 50,
        "Population": 20,
        "Static_fit": 7649,
        "Static_valid": 1898,
        "Valid_fit": 1926,
        "Variance": 4.0,
        "Weights": [
            13.999998092651367,
            10.850000381469727,
            13.09000015258789,
            12.0,
            12.1899995803833,
            12.65999984741211,
            11.329999923706055,
            13.880000114440918
        ]
    },
    "ID-gq2gn1kkay": {
        "Final_fit": 7704,
        "Iteration": 50,
        "Population": 20,
        "Static_fit": 7649,
        "Static_valid": 1898,
        "Valid_fit": 1924,
        "Variance": 4.0,
        "Weights": [
            12.699999809265137,
            14.279999732971191,
            12.84000015258789,
            13.279999732971191,
            11.699999809265137,
            11.289999961853027,
            11.079999923706055,
            12.829999923706055
        ]
    },
    "ID-gz3wteypvu": {
        "Final_fit": 7707,
        "Iteration": 50,
        "Population": 20,
        "Static_fit": 7649,
        "Static_valid": 1898,
        "Valid_fit": 1930,
        "Variance": 4.0,
        "Weights": [
            12.369999885559082,
            12.800000190734863,
            11.319999694824219,
            13.319999694824219,
            11.960000038146973,
            12.0,
            13.410005569458008,
            12.819999694824219
        ]
    },
    "ID-h2cjsvz12k": {
        "Final_fit": 7708,
        "Iteration": 50,
        "Population": 20,
        "Static_fit": 7649,
        "Static_valid": 1898,
        "Valid_fit": 1931,
        "Variance": 4.0,
        "Weights": [
            14.420000076293945,
            11.539999961853027,
            9.15999984741211,
            12.920000076293945,
            11.4399995803833,
            13.180000305175781,
            13.630000114440918,
            13.710000038146973
        ]
    },
    "ID-iui0i5zw3p": {
        "Final_fit": 7706,
        "Iteration": 50,
        "Population": 20,
        "Static_fit": 7649,
        "Static_valid": 1898,
        "Valid_fit": 1931,
        "Variance": 4.0,
        "Weights": [
            13.4399995803833,
            12.829999923706055,
            10.37999439239502,
            14.25,
            11.010000228881836,
            11.84000015258789,
            14.489999771118164,
            11.760000228881836
        ]
    },
    "ID-ln7z3ntrpm": {
        "Final_fit": 7706,
        "Iteration": 50,
        "Population": 20,
        "Static_fit": 7649,
        "Static_valid": 1898,
        "Valid_fit": 1924,
        "Variance": 4.0,
        "Weights": [
            14.989999771118164,
            11.390000343322754,
            12.550000190734863,
            10.670007705688477,
            11.550000190734863,
            11.630000114440918,
            12.979999542236328,
            14.239999771118164
        ]
    },
    "ID-ppqtqs7hkf": {
        "Final_fit": 7706,
        "Iteration": 50,