{
    "ID-0h3ciqe925": {
        "Final_fit": 6534,
        "Iteration": 100,
        "Population": 50,
        "Static_fit": 6413,
        "Static_valid": 1606,
        "Valid_fit": 1659,
        "Variance": 6.0,
        "Weights": [
            12.369999885559082,
            13.020000457763672,
            10.31000804901123,
            12.109999656677246,
            11.680000305175781,
            14.680000305175781,
            11.59000015258789,
            14.239999771118164
        ]
    },
    "ID-0wdy6yy2oj": {
        "Final_fit": 6535,
        "Iteration": 100,
        "Population": 50,
        "Static_fit": 6413,
        "Static_valid": 1606,
        "Valid_fit": 1659,
        "Variance": 6.0,
        "Weights": [
            11.729999542236328,
            13.59000015258789,
            11.100000381469727,
            11.020000457763672,
            12.569999694824219,
            14.949999809265137,
            11.930000305175781,
            13.109999656677246
        ]
    },
    "ID-1ovp15zmno": {
        "Final_fit": 6533,
        "Iteration": 100,
        "Population": 50,
        "Static_fit": 6413,
        "Static_valid": 1606,
        "Valid_fit": 1659,
        "Variance": 6.0,
        "Weights": [
            12.460000038146973,
            14.609999656677246,
            10.880000114440918,
            10.930000305175781,
            12.420000076293945,
            13.890000343322754,
            12.239999771118164,
            12.569999694824219
        ]
    },
    "ID-1sbbzyynnx": {
        "Final_fit": 6535,
        "Iteration": 100,
        "Population": 50,
        "Static_fit": 6413,
        "Static_valid": 1606,
        "Valid_fit": 1657,
        "Variance": 6.0,
        "Weights": [
            13.100000381469727,
            12.670000076293945,
            10.84000015258789,
            9.600000381469727,
            12.300000190734863,
            13.9399995803833,
            12.90999984741211,
            14.640000343322754
        ]
    },
    "ID-5bs1x00uin": {
        "Final_fit": 6532,
        "Iteration": 100,
        "Population": 50,
        "Static_fit": 6413,
        "Static_valid": 1606,
        "Valid_fit": 1646,
        "Variance": 6.0,
        "Weights": [
            15.229999542236328,
            13.0600004196167,
            11.630000114440918,
            9.670001983642578,
            11.90999984741211,
            13.6899995803833,
            13.40999984741211,
            11.399999618530273
        ]
    },
    "ID-5mi4sgy54k": {
        "Final_fit": 6533,
        "Iteration": 100,
        "Population": 50,
        "Static_fit": 6413,
        "Static_valid": 1606,
        "Valid_fit": 1647,
        "Variance": 6.0,
        "Weights": [
            14.520000457763672,
            13.369999885559082,
            10.859999656677246,
            9.770000457763672,
            11.100000381469727,
            13.779999732971191,
            14.5600004196167,
            12.039999961853027
        ]
    },
    "ID-6gc3pa2w4a": {
        "Final_fit": 6533,
        "Iteration": 100,
        "Population": 50,
        "Static_fit": 6413,
        "Static_valid": 1606,
        "Valid_fit": 1647,
        "Variance": 6.0,
        "Weights": [
            14.710000038146973,
            12.789999961853027,
            9.930000305175781,
            9.829999923706055,
            10.319999694824219,
            13.680000305175781,
            15.529999732971191,
            13.210000038146973
        ]
    },
    "ID-azcd49vxh4": {
        "Final_fit": 6537,
        "Iteration": 100,
        "Population": 50,
        "Static_fit": 6413,
        "Static_valid": 1606,
        "Valid_fit": 1663,
        "Variance": 6.0,
        "Weights": [
            12.770000457763672,
            12.220000267028809,
            10.349994659423828,
            11.550000190734863,
            13.109999656677246,
            14.619999885559082,
            11.800000190734863,
            13.579999923706055
        ]
    },
    "ID-cak9pef95m": {
        "Final_fit": 6529,
        "Iteration": 100,
        "Population": 50,
        "Static_fit": 6413,
        "Static_valid": 1606,
        "Valid_fit": 1638,
        "Variance": 6.0,
        "Weights": [
            15.390000343322754,
            12.449999809265137,
            11.470000267028809,
            9.710000038146973,
            10.239999771118164,
            13.729999542236328,
            15.170000076293945,
            11.84000015258789
        ]
    },
    "ID-d3ep746nhg": {
        "Final_fit": 6533,
        "Iteration": 100,
        "Population": 50,
        "Static_fit": 6413,
        "Static_valid": 1606,
        "Valid_fit": 1655,
        "Variance": 6.0,
        "Weights": [
            11.0,
            14.239999771118164,
            10.90999984741211,
            11.069999694824219,
            14.140000343322754,
            14.640000343322754,
            12.09000015258789,
            11.90999984741211
        ]
    },
    "ID-dpyzijvzxx": {
        "Final_fit": 6531,
        "Iteration": 100,
        "Population": 50,
        "Static_fit": 6413,
        "Static_valid": 1606,
        "Valid_fit": 1653,
        "Variance": 6.0,
        "Weights": [
            13.359999656677246,
            13.140000343322754,
            10.640007972717285,
            10.869999885559082,
            10.649999618530273,
            13.75,
            15.15999984741211,
            12.430000305175781
        ]
    },
    "ID-ftb2q1k86p": {
        "Final_fit": 6534,
        "Iteration": 100,
        "Population": 50,
        "Static_fit": 6413,
        "Static_valid": 1606,
        "Valid_fit": 1656,
        "Variance": 6.0,
        "Weights": [
            12.25,
            14.5600004196167,
            10.380000114440918,
            10.460000038146973,
            12.869999885559082,
            14.770000457763672,
            12.930000305175781,
            11.779999732971191
        ]
    },
    "ID-hezur96isi": {
        "Final_fit": 6534,
        "Iteration": 100,
        "Population": 50,
        "Static_fit": 6413,
        "Static_valid": 1606,
        "Valid_fit": 1663,
        "Variance": 6.0,
        "Weights": [
            12.619999885559082,
            12.430000305175781,
            9.930000305175781,
            11.970000267028809,
            12.890000343322754,
            14.610005378723145,
            12.170000076293945,
            13.380000114440918
        ]
    },
    "ID-mc0x0aol9o": {
        "Final_fit": 6537,
        "Iteration": 100,
        "Population": 50,
        "Static_fit": 6413,
        "Static_valid": 1606,
        "Valid_fit": 1661,
        "Variance": 6.0,
        "Weights": [
            11.9399995803833,
            13.109999656677246,
            10.880000114440918,
            11.390000343322754,
            13.130000114440918,
            15.109999656677246,
            12.0,
            12.4399995803833
        ]
    },
    "ID-n1sgekhfx1": {
        "Final_fit": 6536,
        "Iteration": 100,
        "Population": 50,
        "Static_fit": 6413,
        "Static_valid": 1606,
        "Valid_fit": 1662,
        "Variance": 6.0,
        "Weights": [
            12.149999618530273,
            13.390000343322754,
            10.979999542236328,
            11.210000038146973,
            13.329999923706055,
            14.409992218017578,
            12.15999984741211,
            12.369999885559082
        ]
    },
    "ID-ndiu62g10k": {
        "Final_fit": 6533,
        "Iteration": 100,
        "Population": 50,
        "Static_fit": 6413,
        "Static_valid": 1606,
        "Valid_fit": 1661,
        "Variance": 6.0,
        "Weights": [
            12.930000305175781,
            12.670000076293945,
            10.210000038146973,
            11.960000038146973,
            12.960000038146973,
            14.239999771118164,
            11.8100004196167,
            13.220000267028809
        ]
    },