{
    "ID-0e6bp0433l": {
        "Final_fit": 7712,
        "Iteration": 200,
        "Population": 100,
        "Static_fit": 7649,
        "Static_valid": 1898,
        "Valid_fit": 1929,
        "Variance": 4.0,
        "Weights": [
            14.850000381469727,
            11.289999961853027,
            11.380000114440918,
            11.829999923706055,
            12.609999656677246,
            11.369999885559082,
            12.390000343322754,
            14.279999732971191
        ]
    },
    "ID-1b7gnl1htl": {
        "Final_fit": 7711,
        "Iteration": 200,
        "Population": 100,
        "Static_fit": 7649,
        "Static_valid": 1898,
        "Valid_fit": 1934,
        "Variance": 4.0,
        "Weights": [
            14.279999732971191,
            11.869999885559082,
            9.869999885559082,
            14.290005683898926,
            11.960000038146973,
            12.010000228881836,
            14.130000114440918,
            11.59000015258789
        ]
    },
    "ID-1j9qg3zwl5": {
        "Final_fit": 7710,
        "Iteration": 200,
        "Population": 100,
        "Static_fit": 7649,
        "Static_valid": 1898,
        "Valid_fit": 1931,
        "Variance": 4.0,
        "Weights": [
            14.40999984741211,
            11.9399995803833,
            9.420007705688477,
            14.350000381469727,
            12.069999694824219,
            12.079999923706055,
            13.779999732971191,
            11.949999809265137
        ]
    },
    "ID-3j90x2ccvj": {
        "Final_fit": 7713,
        "Iteration": 200,
        "Population": 100,
        "Static_fit": 7649,
        "Static_valid": 1898,
        "Valid_fit": 1934,
        "Variance": 4.0,
        "Weights": [
            14.0600004196167,
            11.039999961853027,
            9.699999809265137,
            14.40999984741211,
            12.069999694824219,
            12.890000343322754,
            14.960000038146973,
            10.869999885559082
        ]
    },
    "ID-3mxat3fp3r": {
        "Final_fit": 7711,
        "Iteration": 200,
        "Population": 100,
        "Static_fit": 7649,
        "Static_valid": 1898,
        "Valid_fit": 1928,
        "Variance": 4.0,
        "Weights": [
            13.729999542236328,
            9.740001678466797,
            9.770000457763672,
            14.130000114440918,
            12.210000038146973,
            12.930000305175781,
            16.1299991607666,
            11.359999656677246
        ]
    },
    "ID-5um5e5q624": {
        "Final_fit": 7712,
        "Iteration": 200,
        "Population": 100,
        "Static_fit": 7649,
        "Static_valid": 1898,
        "Valid_fit": 1929,
        "Variance": 4.0,
        "Weights": [
            14.749998092651367,
            11.800000190734863,
            12.430000305175781,
            11.399999618530273,
            12.1899995803833,
            11.199999809265137,
            12.300000190734863,
            13.930000305175781
        ]
    },
    "ID-6ib38mziqt": {
        "Final_fit": 7712,
        "Iteration": 200,
        "Population": 100,
        "Static_fit": 7649,
        "Static_valid": 1898,
        "Valid_fit": 1927,
        "Variance": 4.0,
        "Weights": [
            15.0,
            11.199999809265137,
            12.010000228881836,
            10.649999618530273,
            12.920000076293945,
            11.220000267028809,
            12.4399995803833,
            14.5600004196167
        ]
    },
    "ID-6peacu4puj": {
        "Final_fit": 7711,
        "Iteration": 200,
        "Population": 100,
        "Static_fit": 7649,
        "Static_valid": 1898,
        "Valid_fit": 1929,
        "Variance": 4.0,
        "Weights": [
            14.180000305175781,
            10.619999885559082,
            12.100000381469727,
            11.739999771118164,
            13.65999984741211,
            11.34000015258789,
            11.989999771118164,
            14.37000560760498
        ]
    },
    "ID-7nuoyyxll7": {
        "Final_fit": 7712,
        "Iteration": 200,
        "Population": 100,
        "Static_fit": 7649,
        "Static_valid": 1898,
        "Valid_fit": 1932,
        "Variance": 4.0,
        "Weights": [
            14.260000228881836,
            11.430000305175781,
            10.34000015258789,
            14.020000457763672,
            11.399999618530273,
            12.779999732971191,
            14.9399995803833,
            10.829999923706055
        ]
    },
    "ID-95vts0vnzq": {
        "Final_fit": 7711,
        "Iteration": 200,
        "Population": 100,
        "Static_fit": 7649,
        "Static_valid": 1898,
        "Valid_fit": 1931,
        "Variance": 4.0,
        "Weights": [
            14.529999732971191,
            11.510000228881836,
            9.390000343322754,
            14.350000381469727,
            11.970000267028809,
            12.140000343322754,
            13.850000381469727,
            12.260000228881836
        ]
    },
    "ID-97txbo9e31": {
        "Final_fit": 7714,
        "Iteration": 200,
        "Population": 100,
        "Static_fit": 7649,
        "Static_valid": 1898,
        "Valid_fit": 1924,
        "Variance": 4.0,
        "Weights": [
            15.079998016357422,
            11.300000190734863,
            11.789999961853027,
            11.739999771118164,
            12.0600004196167,
            11.09000015258789,
            12.829999923706055,
            14.109999656677246
        ]
    },
    "ID-a7kt9he3hz": {
        "Final_fit": 7712,
        "Iteration": 200,
        "Population": 100,
        "Static_fit": 7649,
        "Static_valid": 1898,
        "Valid_fit": 1934,
        "Variance": 4.0,
        "Weights": [
            14.329999923706055,
            11.829999923706055,
            10.369999885559082,
            13.930000305175781,
            12.020000457763672,
            12.09000015258789,
            14.40999984741211,
            11.020000457763672
        ]
    },
    "ID-cdm4lwa1dw": {
        "Final_fit": 7711,
        "Iteration": 200,
        "Population": 100,
        "Static_fit": 7649,
        "Static_valid": 1898,
        "Valid_fit": 1933,
        "Variance": 4.0,
        "Weights": [
            14.350000381469727,
            12.390000343322754,
            10.180000305175781,
            14.649999618530273,
            11.539999961853027,
            11.869999885559082,
            14.100000381469727,
            10.920000076293945
        ]
    },
    "ID-h5a6sp8zvb": {
        "Final_fit": 7711,
        "Iteration": 200,
        "Population": 100,
        "Static_fit": 7649,
        "Static_valid": 1898,
        "Valid_fit": 1929,
        "Variance": 4.0,
        "Weights": [
            15.139992713928223,
            10.989999771118164,
            9.300000190734863,
            13.600000381469727,
            11.899999618530273,
            12.550000190734863,
            13.6899995803833,
            12.829999923706055
        ]
    },
    "ID-it0b4gid03": {
        "Final_fit": 7712,
        "Iteration": 200,
        "Population": 100,
        "Static_fit": 7649,
        "Static_valid": 1898,
        "Valid_fit": 1934,
        "Variance": 4.0,
        "Weights": [
            13.930000305175781,
            11.640000343322754,
            9.109999656677246,
            14.729999542236328,
            11.09000015258789,
            12.65999984741211,
            15.289992332458496,
            11.550000190734863
        ]
    },
    "ID-ix8ljohfeg": {
        "Final_fit": 7712,
        "Iteration": 200,
        "Population": 100,
        "Static_fit": 7649,
        "Static_valid": 1898,
        "Valid_fit": 1934,
        "Variance": 4.0,