{
    "ID-0pha56mn3v": {
        "Final_fit": 7227,
        "Iteration": 200,
        "Population": 100,
        "Static_fit": 7128,
        "Static_valid": 1768,
        "Valid_fit": 1822,
        "Variance": 5.0,
        "Weights": [
            12.829999923706055,
            10.239999771118164,
            13.489999771118164,
            14.1899995803833,
            13.520000457763672,
            10.029999732971191,
            14.740005493164063,
            10.960000038146973
        ]
    },
    "ID-3nxduitczc": {
        "Final_fit": 7229,
        "Iteration": 200,
        "Population": 100,
        "Static_fit": 7128,
        "Static_valid": 1768,
        "Valid_fit": 1824,
        "Variance": 5.0,
        "Weights": [
            12.970000267028809,
            10.899999618530273,
            12.430000305175781,
            14.050000190734863,
            13.699999809265137,
            10.250007629394531,
            14.239999771118164,
            11.460000038146973
        ]
    },
    "ID-4p2amc7im6": {
        "Final_fit": 7230,
        "Iteration": 200,
        "Population": 100,
        "Static_fit": 7128,
        "Static_valid": 1768,
        "Valid_fit": 1821,
        "Variance": 5.0,
        "Weights": [
            12.859999656677246,
            10.520000457763672,
            14.09000015258789,
            12.479999542236328,
            12.619999885559082,
            10.019994735717773,
            14.760000228881836,
            12.649999618530273
        ]
    },
    "ID-6zo3k5aa1n": {
        "Final_fit": 7229,
        "Iteration": 200,
        "Population": 100,
        "Static_fit": 7128,
        "Static_valid": 1768,
        "Valid_fit": 1816,
        "Variance": 5.0,
        "Weights": [
            12.949999809265137,
            10.600000381469727,
            15.170000076293945,
            13.229999542236328,
            12.0600004196167,
            10.819999694824219,
            14.140000343322754,
            11.029999732971191
        ]
    },
    "ID-79v6avklro": {
        "Final_fit": 7227,
        "Iteration": 200,
        "Population": 100,
        "Static_fit": 7128,
        "Static_valid": 1768,
        "Valid_fit": 1823,
        "Variance": 5.0,
        "Weights": [
            13.399999618530273,
            10.550000190734863,
            13.739999771118164,
            14.5,
            13.619999885559082,
            9.749994277954102,
            13.779999732971191,
            10.65999984741211
        ]
    },
    "ID-9g0nx50n02": {
        "Final_fit": 7228,
        "Iteration": 200,
        "Population": 100,
        "Static_fit": 7128,
        "Static_valid": 1768,
        "Valid_fit": 1819,
        "Variance": 5.0,
        "Weights": [
            14.45999813079834,
            9.920000076293945,
            13.649999618530273,
            13.5,
            12.989999771118164,
            9.59000015258789,
            14.270000457763672,
            11.619999885559082
        ]
    },
    "ID-af6nn4k7jy": {
        "Final_fit": 7229,
        "Iteration": 200,
        "Population": 100,
        "Static_fit": 7128,
        "Static_valid": 1768,
        "Valid_fit": 1818,
        "Variance": 5.0,
        "Weights": [
            14.1899995803833,
            10.25,
            13.729999542236328,
            12.90999984741211,
            12.65999984741211,
            9.770002365112305,
            14.609999656677246,
            11.880000114440918
        ]
    },
    "ID-bmsbfnf4hx": {
        "Final_fit": 7231,
        "Iteration": 200,
        "Population": 100,
        "Static_fit": 7128,
        "Static_valid": 1768,
        "Valid_fit": 1818,
        "Variance": 5.0,
        "Weights": [
            11.850000381469727,
            11.270000457763672,
            14.539999961853027,
            14.09000015258789,
            13.399999618530273,
            10.099994659423828,
            13.75,
            11.0
        ]
    },
    "ID-c6hap88cax": {
        "Final_fit": 7227,
        "Iteration": 200,
        "Population": 100,
        "Static_fit": 7128,
        "Static_valid": 1768,
        "Valid_fit": 1815,
        "Variance": 5.0,
        "Weights": [
            12.4399995803833,
            11.84000015258789,
            13.850000381469727,
            13.75,
            13.4399995803833,
            9.420000076293945,
            14.340005874633789,
            10.920000076293945
        ]
    },
    "ID-dicckbz8oq": {
        "Final_fit": 7228,
        "Iteration": 200,
        "Population": 100,
        "Static_fit": 7128,
        "Static_valid": 1768,
        "Valid_fit": 1821,
        "Variance": 5.0,
        "Weights": [
            13.479999542236328,
            11.020000457763672,
            13.329999923706055,
            13.319999694824219,
            13.649999618530273,
            10.199999809265137,
            13.859999656677246,
            11.140000343322754
        ]
    },
    "ID-dqm4okx0fj": {
        "Final_fit": 7228,
        "Iteration": 200,
        "Population": 100,
        "Static_fit": 7128,
        "Static_valid": 1768,
        "Valid_fit": 1821,
        "Variance": 5.0,
        "Weights": [
            13.729999542236328,
            10.460000038146973,
            13.90999984741211,
            13.359999656677246,
            12.270000457763672,
            10.460000038146973,
            13.850000381469727,
            11.960000038146973
        ]
    },
    "ID-epauxig9vr": {
        "Final_fit": 7230,
        "Iteration": 200,
        "Population": 100,
        "Static_fit": 7128,
        "Static_valid": 1768,
        "Valid_fit": 1821,
        "Variance": 5.0,
        "Weights": [
            12.739999771118164,
            11.569999694824219,
            13.5600004196167,
            13.930005073547363,
            12.350000381469727,
            9.890000343322754,
            13.770000457763672,
            12.1899995803833
        ]
    },
    "ID-g9oed8ub02": {
        "Final_fit": 7229,
        "Iteration": 200,
        "Population": 100,
        "Static_fit": 7128,
        "Static_valid": 1768,
        "Valid_fit": 1820,
        "Variance": 5.0,
        "Weights": [
            14.479999542236328,
            10.3100004196167,
            13.649999618530273,
            13.25,
            12.470000267028809,
            9.84000015258789,
            14.079999923706055,
            11.920000076293945
        ]
    },
    "ID-goblit0juw": {
        "Final_fit": 7229,
        "Iteration": 200,
        "Population": 100,
        "Static_fit": 7128,
        "Static_valid": 1768,
        "Valid_fit": 1821,
        "Variance": 5.0,
        "Weights": [
            12.699999809265137,
            10.369999885559082,
            13.630000114440918,
            14.170000076293945,
            13.399999618530273,
            10.390000343322754,
            14.579998016357422,
            10.760000228881836
        ]
    },
    "ID-htr5sksu7g": {
        "Final_fit": 7229,
        "Iteration": 200,
        "Population": 100,
        "Static_fit": 7128,
        "Static_valid": 1768,
        "Valid_fit": 1818,
        "Variance": 5.0,
        "Weights": [
            13.289999961853027,
            10.420000076293945,
            14.020000457763672,
            14.25,
            13.010000228881836,
            9.59000015258789,
            14.589998245239258,
            10.829999923706055
        ]
    },
    "ID-inm803l5vb": {
        "Final_fit": 7225,
        "Iteration": 200,
        "Population": 100,
        "Static_fit": 7128,
        "Static_valid": 1768,
        "Valid_fit": 1822,
        "Variance": 5.0,
        "Weights": [
            11.890000343322754,
            11.039999961853027,
            13.529999732971191,
            14.579999923706055,
            13.199999809265137,
            10.34000015258789,
            13.9399995803833,
            11.479999542236328
        ]
    },