{
    "ID-0bhwp0gk9l": {
        "Final_fit": 6529,
        "Iteration": 50,
        "Population": 20,
        "Static_fit": 6413,
        "Static_valid": 1606,
        "Valid_fit": 1665,
        "Variance": 6.0,
        "Weights": [
            13.050000190734863,
            12.739999771118164,
            9.970000267028809,
            11.199999809265137,
            13.4399995803833,
            14.270000457763672,
            12.1899995803833,
            13.140000343322754
        ]
    },
    "ID-172zmrh3af": {
        "Final_fit": 6527,
        "Iteration": 50,
        "Population": 20,
        "Static_fit": 6413,
        "Static_valid": 1606,
        "Valid_fit": 1657,
        "Variance": 6.0,
        "Weights": [
            12.649999618530273,
            13.180000305175781,
            10.300007820129395,
            11.210000038146973,
            12.119999885559082,
            15.380000114440918,
            12.979999542236328,
            12.180000305175781
        ]
    },
    "ID-2qbzljmg80": {
        "Final_fit": 6525,
        "Iteration": 50,
        "Population": 20,
        "Static_fit": 6413,
        "Static_valid": 1606,
        "Valid_fit": 1651,
        "Variance": 6.0,
        "Weights": [
            13.729999542236328,
            14.5,
            10.859999656677246,
            10.470000267028809,
            10.890000343322754,
            13.40999984741211,
            11.25,
            14.890000343322754
        ]
    },
    "ID-39fqpz049f": {
        "Final_fit": 6531,
        "Iteration": 50,
        "Population": 20,
        "Static_fit": 6413,
        "Static_valid": 1606,
        "Valid_fit": 1662,
        "Variance": 6.0,
        "Weights": [
            12.329999923706055,
            14.62000560760498,
            10.600000381469727,
            11.4399995803833,
            12.350000381469727,
            14.029999732971191,
            12.470000267028809,
            12.15999984741211
        ]
    },
    "ID-52mnlp35rv": {
        "Final_fit": 6529,
        "Iteration": 50,
        "Population": 20,
        "Static_fit": 6413,
        "Static_valid": 1606,
        "Valid_fit": 1641,
        "Variance": 6.0,
        "Weights": [
            13.380000114440918,
            13.470000267028809,
            12.010000228881836,
            9.649999618530273,
            10.569999694824219,
            14.640000343322754,
            15.649999618530273,
            10.630000114440918
        ]
    },
    "ID-6ihglxgoo8": {
        "Final_fit": 6528,
        "Iteration": 50,
        "Population": 20,
        "Static_fit": 6413,
        "Static_valid": 1606,
        "Valid_fit": 1658,
        "Variance": 6.0,
        "Weights": [
            14.09000015258789,
            11.630000114440918,
            8.680000305175781,
            11.729999542236328,
            11.170000076293945,
            16.489999771118164,
            13.069999694824219,
            13.140000343322754
        ]
    },
    "ID-6ui9sgr7yz": {
        "Final_fit": 6533,
        "Iteration": 50,
        "Population": 20,
        "Static_fit": 6413,
        "Static_valid": 1606,
        "Valid_fit": 1634,
        "Variance": 6.0,
        "Weights": [
            13.720000267028809,
            13.5600004196167,
            13.029999732971191,
            8.850000381469727,
            10.569999694824219,
            13.789999961853027,
            15.0600004196167,
            11.420000076293945
        ]
    },
    "ID-99ffvmdgkf": {
        "Final_fit": 6525,
        "Iteration": 50,
        "Population": 20,
        "Static_fit": 6413,
        "Static_valid": 1606,
        "Valid_fit": 1661,
        "Variance": 6.0,
        "Weights": [
            13.350000381469727,
            13.270000457763672,
            9.869999885559082,
            9.779999732971191,
            11.789999961853027,
            14.999998092651367,
            13.619999885559082,
            13.319999694824219
        ]
    },
    "ID-9ftzjq2m8d": {
        "Final_fit": 6534,
        "Iteration": 50,
        "Population": 20,
        "Static_fit": 6413,
        "Static_valid": 1606,
        "Valid_fit": 1658,
        "Variance": 6.0,
        "Weights": [
            13.569999694824219,
            12.510000228881836,
            9.960000038146973,
            10.720000267028809,
            11.680000305175781,
            15.699999809265137,
            12.989999771118164,
            12.869999885559082
        ]
    },
    "ID-ajukxiudct": {
        "Final_fit": 6533,
        "Iteration": 50,
        "Population": 20,
        "Static_fit": 6413,
        "Static_valid": 1606,
        "Valid_fit": 1659,
        "Variance": 6.0,
        "Weights": [
            12.789999961853027,
            13.619999885559082,
            10.8100004196167,
            10.230002403259277,
            11.460000038146973,
            14.850000381469727,
            14.109999656677246,
            12.130000114440918
        ]
    },
    "ID-cc2u8i8y1b": {
        "Final_fit": 6531,
        "Iteration": 50,
        "Population": 20,
        "Static_fit": 6413,
        "Static_valid": 1606,
        "Valid_fit": 1659,
        "Variance": 6.0,
        "Weights": [
            12.850000381469727,
            12.579999923706055,
            10.550000190734863,
            11.180000305175781,
            10.600000381469727,
            14.430000305175781,
            14.029999732971191,
            13.779999732971191
        ]
    },
    "ID-cwa9bxo7vh": {
        "Final_fit": 6534,
        "Iteration": 50,
        "Population": 20,
        "Static_fit": 6413,
        "Static_valid": 1606,
        "Valid_fit": 1665,
        "Variance": 6.0,
        "Weights": [
            12.720000267028809,
            12.699999809265137,
            9.460001945495605,
            11.260000228881836,
            12.180000305175781,
            14.329999923706055,
            13.199999809265137,
            14.149999618530273
        ]
    },
    "ID-ejkudgw84e": {
        "Final_fit": 6527,
        "Iteration": 50,
        "Population": 20,
        "Static_fit": 6413,
        "Static_valid": 1606,
        "Valid_fit": 1652,
        "Variance": 6.0,
        "Weights": [
            12.1899995803833,
            12.460000038146973,
            12.720000267028809,
            10.170000076293945,
            12.850000381469727,
            14.470000267028809,
            10.90999984741211,
            14.229999542236328
        ]
    },
    "ID-fblaoe5gye": {
        "Final_fit": 6524,
        "Iteration": 50,
        "Population": 20,
        "Static_fit": 6413,
        "Static_valid": 1606,
        "Valid_fit": 1649,
        "Variance": 6.0,
        "Weights": [
            12.260000228881836,
            13.0,
            12.119999885559082,
            10.319999694824219,
            10.800000190734863,
            14.569999694824219,
            14.289999961853027,
            12.640000343322754
        ]
    },
    "ID-fg9lxgnnon": {
        "Final_fit": 6534,
        "Iteration": 50,
        "Population": 20,
        "Static_fit": 6413,
        "Static_valid": 1606,
        "Valid_fit": 1646,
        "Variance": 6.0,
        "Weights": [
            13.140000343322754,
            13.880000114440918,
            12.039999961853027,
            9.5,
            11.380000114440918,
            13.800000190734863,
            13.630000114440918,
            12.630000114440918
        ]
    },
    "ID-gc3adgpryp": {
        "Final_fit": 6528,
        "Iteration": 50,
        "Population": 20,
        "Static_fit": 6413,
        "Static_valid": 1606,
        "Valid_fit": 1666,
        "Variance": 6.0,
        "Weights": [
            12.770000457763672,
            12.4399995803833,
            10.119999885559082,
            11.15999984741211,
            13.960000038146973,
            14.300000190734863,
            13.329999923706055,
            11.920000076293945
        ]
    },