{
    "ID-30yuqnqzeo": {
        "Final_fit": 6538,
        "Iteration": 200,
        "Population": 100,
        "Static_fit": 6413,
        "Static_valid": 1606,
        "Valid_fit": 1662,
        "Variance": 6.0,
        "Weights": [
            11.75,
            13.989999771118164,
            10.930000305175781,
            11.529999732971191,
            13.529999732971191,
            14.359997749328613,
            11.899999618530273,
            12.010000228881836
        ]
    },
    "ID-3hnpe3gltu": {
        "Final_fit": 6536,
        "Iteration": 200,
        "Population": 100,
        "Static_fit": 6413,
        "Static_valid": 1606,
        "Valid_fit": 1658,
        "Variance": 6.0,
        "Weights": [
            12.229999542236328,
            13.399999618530273,
            12.010000228881836,
            10.359996795654297,
            13.100000381469727,
            14.289999961853027,
            11.930000305175781,
            12.680000305175781
        ]
    },
    "ID-4wu0t8h6v2": {
        "Final_fit": 6537,
        "Iteration": 200,
        "Population": 100,
        "Static_fit": 6413,
        "Static_valid": 1606,
        "Valid_fit": 1659,
        "Variance": 6.0,
        "Weights": [
            11.920000076293945,
            13.920000076293945,
            11.010000228881836,
            10.600000381469727,
            13.569999694824219,
            13.510000228881836,
            12.710000038146973,
            12.760000228881836
        ]
    },
    "ID-5gx5puv6w7": {
        "Final_fit": 6536,
        "Iteration": 200,
        "Population": 100,
        "Static_fit": 6413,
        "Static_valid": 1606,
        "Valid_fit": 1650,
        "Variance": 6.0,
        "Weights": [
            14.680000305175781,
            12.1899995803833,
            10.270000457763672,
            10.279999732971191,
            10.180000305175781,
            14.9399995803833,
            15.430000305175781,
            12.029999732971191
        ]
    },
    "ID-73hpbuef3x": {
        "Final_fit": 6537,
        "Iteration": 200,
        "Population": 100,
        "Static_fit": 6413,
        "Static_valid": 1606,
        "Valid_fit": 1654,
        "Variance": 6.0,
        "Weights": [
            12.5,
            13.289999961853027,
            11.210000038146973,
            10.100000381469727,
            13.850000381469727,
            14.710002899169922,
            11.760000228881836,
            12.579999923706055
        ]
    },
    "ID-746jt3ky21": {
        "Final_fit": 6538,
        "Iteration": 200,
        "Population": 100,
        "Static_fit": 6413,
        "Static_valid": 1606,
        "Valid_fit": 1657,
        "Variance": 6.0,
        "Weights": [
            12.1899995803833,
            13.59000015258789,
            11.539999961853027,
            10.6899995803833,
            13.800000190734863,
            14.180000305175781,
            11.800000190734863,
            12.210000038146973
        ]
    },
    "ID-7sain3l9it": {
        "Final_fit": 6539,
        "Iteration": 200,
        "Population": 100,
        "Static_fit": 6413,
        "Static_valid": 1606,
        "Valid_fit": 1658,
        "Variance": 6.0,
        "Weights": [
            12.550000190734863,
            13.920000076293945,
            10.729999542236328,
            10.579999923706055,
            12.779999732971191,
            14.819999694824219,
            12.329999923706055,
            12.289999961853027
        ]
    },
    "ID-eefpu8hphb": {
        "Final_fit": 6535,
        "Iteration": 200,
        "Population": 100,
        "Static_fit": 6413,
        "Static_valid": 1606,
        "Valid_fit": 1656,
        "Variance": 6.0,
        "Weights": [
            11.880000114440918,
            15.349992752075195,
            10.600000381469727,
            11.649999618530273,
            13.149999618530273,
            12.899999618530273,
            11.960000038146973,
            12.510000228881836
        ]
    },
    "ID-fdbaz79taq": {
        "Final_fit": 6536,
        "Iteration": 200,
        "Population": 100,
        "Static_fit": 6413,
        "Static_valid": 1606,
        "Valid_fit": 1638,
        "Variance": 6.0,
        "Weights": [
            15.130000114440918,
            12.229999542236328,
            10.899999618530273,
            9.390000343322754,
            10.489999771118164,
            14.229999542236328,
            15.109999656677246,
            12.520000457763672
        ]
    },
    "ID-fvzdvyo6fx": {
        "Final_fit": 6534,
        "Iteration": 200,
        "Population": 100,
        "Static_fit": 6413,
        "Static_valid": 1606,
        "Valid_fit": 1646,
        "Variance": 6.0,
        "Weights": [
            14.130000114440918,
            13.210000038146973,
            11.59000015258789,
            9.979994773864746,
            10.5600004196167,
            14.390000343322754,
            14.300000190734863,
            11.84000015258789
        ]
    },
    "ID-gj427rb8vr": {
        "Final_fit": 6537,
        "Iteration": 200,
        "Population": 100,
        "Static_fit": 6413,
        "Static_valid": 1606,
        "Valid_fit": 1657,
        "Variance": 6.0,
        "Weights": [
            12.569999694824219,
            13.100000381469727,
            11.859999656677246,
            10.440007209777832,
            13.3100004196167,
            14.390000343322754,
            11.59000015258789,
            12.739999771118164
        ]
    },
    "ID-hi96bsnwsj": {
        "Final_fit": 6539,
        "Iteration": 200,
        "Population": 100,
        "Static_fit": 6413,
        "Static_valid": 1606,
        "Valid_fit": 1639,
        "Variance": 6.0,
        "Weights": [
            13.989999771118164,
            13.520000457763672,
            12.079999923706055,
            8.870001792907715,
            10.760000228881836,
            14.170000076293945,
            15.350000381469727,
            11.260000228881836
        ]
    },
    "ID-hp1cpx3ds3": {
        "Final_fit": 6535,
        "Iteration": 200,
        "Population": 100,
        "Static_fit": 6413,
        "Static_valid": 1606,
        "Valid_fit": 1654,
        "Variance": 6.0,
        "Weights": [
            12.619999885559082,
            13.529999732971191,
            11.710000038146973,
            10.020000457763672,
            12.920000076293945,
            14.8100004196167,
            11.609999656677246,
            12.779999732971191
        ]
    },
    "ID-iebgxhmplu": {
        "Final_fit": 6539,
        "Iteration": 200,
        "Population": 100,
        "Static_fit": 6413,
        "Static_valid": 1606,
        "Valid_fit": 1656,
        "Variance": 6.0,
        "Weights": [
            12.359999656677246,
            14.109997749328613,
            10.75,
            10.239999771118164,
            13.890000343322754,
            13.430000305175781,
            11.800000190734863,
            13.420000076293945
        ]
    },
    "ID-kqfzl4vkat": {
        "Final_fit": 6543,
        "Iteration": 200,
        "Population": 100,
        "Static_fit": 6413,
        "Static_valid": 1606,
        "Valid_fit": 1659,
        "Variance": 6.0,
        "Weights": [
            11.989999771118164,
            13.869999885559082,
            11.15999984741211,
            10.720000267028809,
            13.25,
            14.050000190734863,
            12.239999771118164,
            12.720000267028809
        ]
    },
    "ID-lk34t7c5is": {
        "Final_fit": 6534,
        "Iteration": 200,
        "Population": 100,
        "Static_fit": 6413,
        "Static_valid": 1606,
        "Valid_fit": 1654,
        "Variance": 6.0,